{"_format":"","paths":{"artifacts":"out","build_infos":"out/build-info","sources":"src","tests":"test","scripts":"script","libraries":["lib"]},"files":{"lib/forge-std/lib/ds-test/src/test.sol":{"lastModificationDate":1719233642926,"contentHash":"9febff9d09f18af5306669dc276c4c43","sourceName":"lib/forge-std/lib/ds-test/src/test.sol","compilerSettings":{"solc":{"optimizer":{"enabled":true,"runs":1000},"metadata":{"useLiteralContent":false,"bytecodeHash":"ipfs","appendCBOR":true},"outputSelection":{"*":{"*":["abi","evm.bytecode","evm.deployedBytecode","evm.methodIdentifiers","metadata"]}},"evmVersion":"paris","viaIR":false,"libraries":{}},"vyper":{"evmVersion":"paris","outputSelection":{"*":{"*":["abi","evm.bytecode","evm.deployedBytecode"]}}}},"imports":[],"versionRequirement":">=0.5.0","artifacts":{"DSTest":{"0.8.20":{"path":"test.sol/DSTest.json","build_id":"e22cd368e7087cf2e3f27efcbd9f7163"}}},"seenByCompiler":true},"lib/forge-std/src/Base.sol":{"lastModificationDate":1719233642926,"contentHash":"ee13c050b1914464f1d3f90cde90204b","sourceName":"lib/forge-std/src/Base.sol","compilerSettings":{"solc":{"optimizer":{"enabled":true,"runs":1000},"metadata":{"useLiteralContent":false,"bytecodeHash":"ipfs","appendCBOR":true},"outputSelection":{"*":{"*":["abi","evm.bytecode","evm.deployedBytecode","evm.methodIdentifiers","metadata"]}},"evmVersion":"paris","viaIR":false,"libraries":{}},"vyper":{"evmVersion":"paris","outputSelection":{"*":{"*":["abi","evm.bytecode","evm.deployedBytecode"]}}}},"imports":["lib/forge-std/src/StdStorage.sol","lib/forge-std/src/Vm.sol"],"versionRequirement":">=0.6.2, <0.9.0","artifacts":{"CommonBase":{"0.8.20":{"path":"Base.sol/CommonBase.json","build_id":"e22cd368e7087cf2e3f27efcbd9f7163"}},"ScriptBase":{"0.8.20":{"path":"Base.sol/ScriptBase.json","build_id":"e22cd368e7087cf2e3f27efcbd9f7163"}},"TestBase":{"0.8.20":{"path":"Base.sol/TestBase.json","build_id":"e22cd368e7087cf2e3f27efcbd9f7163"}}},"seenByCompiler":true},"lib/forge-std/src/Script.sol":{"lastModificationDate":1719233642926,"contentHash":"a8896f13ebff9ed23cce0fcb7f8f1984","sourceName":"lib/forge-std/src/Script.sol","compilerSettings":{"solc":{"optimizer":{"enabled":true,"runs":1000},"metadata":{"useLiteralContent":false,"bytecodeHash":"ipfs","appendCBOR":true},"outputSelection":{"*":{"*":["abi","evm.bytecode","evm.deployedBytecode","evm.methodIdentifiers","metadata"]}},"evmVersion":"paris","viaIR":false,"libraries":{}},"vyper":{"evmVersion":"paris","outputSelection":{"*":{"*":["abi","evm.bytecode","evm.deployedBytecode"]}}}},"imports":["lib/forge-std/src/Base.sol","lib/forge-std/src/StdChains.sol","lib/forge-std/src/StdCheats.sol","lib/forge-std/src/StdJson.sol","lib/forge-std/src/StdMath.sol","lib/forge-std/src/StdStorage.sol","lib/forge-std/src/StdStyle.sol","lib/forge-std/src/StdUtils.sol","lib/forge-std/src/Vm.sol","lib/forge-std/src/console.sol","lib/forge-std/src/console2.sol","lib/forge-std/src/interfaces/IMulticall3.sol","lib/forge-std/src/safeconsole.sol"],"versionRequirement":">=0.6.2, <0.9.0","artifacts":{"Script":{"0.8.20":{"path":"Script.sol/Script.json","build_id":"e22cd368e7087cf2e3f27efcbd9f7163"}}},"seenByCompiler":true},"lib/forge-std/src/StdAssertions.sol":{"lastModificationDate":1719233642926,"contentHash":"6cc2858240bcd443debbbf075490e325","sourceName":"lib/forge-std/src/StdAssertions.sol","compilerSettings":{"solc":{"optimizer":{"enabled":true,"runs":1000},"metadata":{"useLiteralContent":false,"bytecodeHash":"ipfs","appendCBOR":true},"outputSelection":{"*":{"*":["abi","evm.bytecode","evm.deployedBytecode","evm.methodIdentifiers","metadata"]}},"evmVersion":"paris","viaIR":false,"libraries":{}},"vyper":{"evmVersion":"paris","outputSelection":{"*":{"*":["abi","evm.bytecode","evm.deployedBytecode"]}}}},"imports":["lib/forge-std/lib/ds-test/src/test.sol","lib/forge-std/src/StdMath.sol"],"versionRequirement":">=0.6.2, <0.9.0","artifacts":{"StdAssertions":{"0.8.20":{"path":"StdAssertions.sol/StdAssertions.json","build_id":"e22cd368e7087cf2e3f27efcbd9f7163"}}},"seenByCompiler":true},"lib/forge-std/src/StdChains.sol":{"lastModificationDate":1719233642926,"contentHash":"aff0685683a41d8e314d64aef646fe6f","sourceName":"lib/forge-std/src/StdChains.sol","compilerSettings":{"solc":{"optimizer":{"enabled":true,"runs":1000},"metadata":{"useLiteralContent":false,"bytecodeHash":"ipfs","appendCBOR":true},"outputSelection":{"*":{"*":["abi","evm.bytecode","evm.deployedBytecode","evm.methodIdentifiers","metadata"]}},"evmVersion":"paris","viaIR":false,"libraries":{}},"vyper":{"evmVersion":"paris","outputSelection":{"*":{"*":["abi","evm.bytecode","evm.deployedBytecode"]}}}},"imports":["lib/forge-std/src/Vm.sol"],"versionRequirement":">=0.6.2, <0.9.0","artifacts":{"StdChains":{"0.8.20":{"path":"StdChains.sol/StdChains.json","build_id":"e22cd368e7087cf2e3f27efcbd9f7163"}}},"seenByCompiler":true},"lib/forge-std/src/StdCheats.sol":{"lastModificationDate":1719233642926,"contentHash":"27745bb24c5568c75c3043277ee18bcb","sourceName":"lib/forge-std/src/StdCheats.sol","compilerSettings":{"solc":{"optimizer":{"enabled":true,"runs":1000},"metadata":{"useLiteralContent":false,"bytecodeHash":"ipfs","appendCBOR":true},"outputSelection":{"*":{"*":["abi","evm.bytecode","evm.deployedBytecode","evm.methodIdentifiers","metadata"]}},"evmVersion":"paris","viaIR":false,"libraries":{}},"vyper":{"evmVersion":"paris","outputSelection":{"*":{"*":["abi","evm.bytecode","evm.deployedBytecode"]}}}},"imports":["lib/forge-std/src/StdStorage.sol","lib/forge-std/src/Vm.sol"],"versionRequirement":">=0.6.2, <0.9.0","artifacts":{"StdCheats":{"0.8.20":{"path":"StdCheats.sol/StdCheats.json","build_id":"e22cd368e7087cf2e3f27efcbd9f7163"}},"StdCheatsSafe":{"0.8.20":{"path":"StdCheats.sol/StdCheatsSafe.json","build_id":"e22cd368e7087cf2e3f27efcbd9f7163"}}},"seenByCompiler":true},"lib/forge-std/src/StdError.sol":{"lastModificationDate":1719233642926,"contentHash":"64c896e1276a291776e5ea5aecb3870a","sourceName":"lib/forge-std/src/StdError.sol","compilerSettings":{"solc":{"optimizer":{"enabled":true,"runs":1000},"metadata":{"useLiteralContent":false,"bytecodeHash":"ipfs","appendCBOR":true},"outputSelection":{"*":{"*":["abi","evm.bytecode","evm.deployedBytecode","evm.methodIdentifiers","metadata"]}},"evmVersion":"paris","viaIR":false,"libraries":{}},"vyper":{"evmVersion":"paris","outputSelection":{"*":{"*":["abi","evm.bytecode","evm.deployedBytecode"]}}}},"imports":[],"versionRequirement":">=0.6.2, <0.9.0","artifacts":{"stdError":{"0.8.20":{"path":"StdError.sol/stdError.json","build_id":"e22cd368e7087cf2e3f27efcbd9f7163"}}},"seenByCompiler":true},"lib/forge-std/src/StdInvariant.sol":{"lastModificationDate":1719233642926,"contentHash":"6d12d54c05754ad4e03066726dca3a84","sourceName":"lib/forge-std/src/StdInvariant.sol","compilerSettings":{"solc":{"optimizer":{"enabled":true,"runs":1000},"metadata":{"useLiteralContent":false,"bytecodeHash":"ipfs","appendCBOR":true},"outputSelection":{"*":{"*":["abi","evm.bytecode","evm.deployedBytecode","evm.methodIdentifiers","metadata"]}},"evmVersion":"paris","viaIR":false,"libraries":{}},"vyper":{"evmVersion":"paris","outputSelection":{"*":{"*":["abi","evm.bytecode","evm.deployedBytecode"]}}}},"imports":[],"versionRequirement":">=0.6.2, <0.9.0","artifacts":{"StdInvariant":{"0.8.20":{"path":"StdInvariant.sol/StdInvariant.json","build_id":"e22cd368e7087cf2e3f27efcbd9f7163"}}},"seenByCompiler":true},"lib/forge-std/src/StdJson.sol":{"lastModificationDate":1719233642926,"contentHash":"2e1d13674e152408867795362d833c24","sourceName":"lib/forge-std/src/StdJson.sol","compilerSettings":{"solc":{"optimizer":{"enabled":true,"runs":1000},"metadata":{"useLiteralContent":false,"bytecodeHash":"ipfs","appendCBOR":true},"outputSelection":{"*":{"*":["abi","evm.bytecode","evm.deployedBytecode","evm.methodIdentifiers","metadata"]}},"evmVersion":"paris","viaIR":false,"libraries":{}},"vyper":{"evmVersion":"paris","outputSelection":{"*":{"*":["abi","evm.bytecode","evm.deployedBytecode"]}}}},"imports":["lib/forge-std/src/Vm.sol"],"versionRequirement":">=0.6.0, <0.9.0","artifacts":{"stdJson":{"0.8.20":{"path":"StdJson.sol/stdJson.json","build_id":"e22cd368e7087cf2e3f27efcbd9f7163"}}},"seenByCompiler":true},"lib/forge-std/src/StdMath.sol":{"lastModificationDate":1719233642926,"contentHash":"9da8f453eba6bb98f3d75bc6822bfb29","sourceName":"lib/forge-std/src/StdMath.sol","compilerSettings":{"solc":{"optimizer":{"enabled":true,"runs":1000},"metadata":{"useLiteralContent":false,"bytecodeHash":"ipfs","appendCBOR":true},"outputSelection":{"*":{"*":["abi","evm.bytecode","evm.deployedBytecode","evm.methodIdentifiers","metadata"]}},"evmVersion":"paris","viaIR":false,"libraries":{}},"vyper":{"evmVersion":"paris","outputSelection":{"*":{"*":["abi","evm.bytecode","evm.deployedBytecode"]}}}},"imports":[],"versionRequirement":">=0.6.2, <0.9.0","artifacts":{"stdMath":{"0.8.20":{"path":"StdMath.sol/stdMath.json","build_id":"e22cd368e7087cf2e3f27efcbd9f7163"}}},"seenByCompiler":true},"lib/forge-std/src/StdStorage.sol":{"lastModificationDate":1719233642926,"contentHash":"4fc0ff0cb196a405e5a4c9fa1c6acccb","sourceName":"lib/forge-std/src/StdStorage.sol","compilerSettings":{"solc":{"optimizer":{"enabled":true,"runs":1000},"metadata":{"useLiteralContent":false,"bytecodeHash":"ipfs","appendCBOR":true},"outputSelection":{"*":{"*":["abi","evm.bytecode","evm.deployedBytecode","evm.methodIdentifiers","metadata"]}},"evmVersion":"paris","viaIR":false,"libraries":{}},"vyper":{"evmVersion":"paris","outputSelection":{"*":{"*":["abi","evm.bytecode","evm.deployedBytecode"]}}}},"imports":["lib/forge-std/src/Vm.sol"],"versionRequirement":">=0.6.2, <0.9.0","artifacts":{"stdStorage":{"0.8.20":{"path":"StdStorage.sol/stdStorage.json","build_id":"e22cd368e7087cf2e3f27efcbd9f7163"}},"stdStorageSafe":{"0.8.20":{"path":"StdStorage.sol/stdStorageSafe.json","build_id":"e22cd368e7087cf2e3f27efcbd9f7163"}}},"seenByCompiler":true},"lib/forge-std/src/StdStyle.sol":{"lastModificationDate":1719233642926,"contentHash":"6281165a12aa639705c691fccefd855e","sourceName":"lib/forge-std/src/StdStyle.sol","compilerSettings":{"solc":{"optimizer":{"enabled":true,"runs":1000},"metadata":{"useLiteralContent":false,"bytecodeHash":"ipfs","appendCBOR":true},"outputSelection":{"*":{"*":["abi","evm.bytecode","evm.deployedBytecode","evm.methodIdentifiers","metadata"]}},"evmVersion":"paris","viaIR":false,"libraries":{}},"vyper":{"evmVersion":"paris","outputSelection":{"*":{"*":["abi","evm.bytecode","evm.deployedBytecode"]}}}},"imports":["lib/forge-std/src/Vm.sol"],"versionRequirement":">=0.4.22, <0.9.0","artifacts":{"StdStyle":{"0.8.20":{"path":"StdStyle.sol/StdStyle.json","build_id":"e22cd368e7087cf2e3f27efcbd9f7163"}}},"seenByCompiler":true},"lib/forge-std/src/StdUtils.sol":{"lastModificationDate":1719233642936,"contentHash":"3ce83748fd76644688f916c9cced545b","sourceName":"lib/forge-std/src/StdUtils.sol","compilerSettings":{"solc":{"optimizer":{"enabled":true,"runs":1000},"metadata":{"useLiteralContent":false,"bytecodeHash":"ipfs","appendCBOR":true},"outputSelection":{"*":{"*":["abi","evm.bytecode","evm.deployedBytecode","evm.methodIdentifiers","metadata"]}},"evmVersion":"paris","viaIR":false,"libraries":{}},"vyper":{"evmVersion":"paris","outputSelection":{"*":{"*":["abi","evm.bytecode","evm.deployedBytecode"]}}}},"imports":["lib/forge-std/src/Vm.sol","lib/forge-std/src/interfaces/IMulticall3.sol"],"versionRequirement":">=0.6.2, <0.9.0","artifacts":{"StdUtils":{"0.8.20":{"path":"StdUtils.sol/StdUtils.json","build_id":"e22cd368e7087cf2e3f27efcbd9f7163"}}},"seenByCompiler":true},"lib/forge-std/src/Test.sol":{"lastModificationDate":1719233642936,"contentHash":"c67db2c47c2e757cc33d38d6db0b1562","sourceName":"lib/forge-std/src/Test.sol","compilerSettings":{"solc":{"optimizer":{"enabled":true,"runs":1000},"metadata":{"useLiteralContent":false,"bytecodeHash":"ipfs","appendCBOR":true},"outputSelection":{"*":{"*":["abi","evm.bytecode","evm.deployedBytecode","evm.methodIdentifiers","metadata"]}},"evmVersion":"paris","viaIR":false,"libraries":{}},"vyper":{"evmVersion":"paris","outputSelection":{"*":{"*":["abi","evm.bytecode","evm.deployedBytecode"]}}}},"imports":["lib/forge-std/lib/ds-test/src/test.sol","lib/forge-std/src/Base.sol","lib/forge-std/src/StdAssertions.sol","lib/forge-std/src/StdChains.sol","lib/forge-std/src/StdCheats.sol","lib/forge-std/src/StdError.sol","lib/forge-std/src/StdInvariant.sol","lib/forge-std/src/StdJson.sol","lib/forge-std/src/StdMath.sol","lib/forge-std/src/StdStorage.sol","lib/forge-std/src/StdStyle.sol","lib/forge-std/src/StdUtils.sol","lib/forge-std/src/Vm.sol","lib/forge-std/src/console.sol","lib/forge-std/src/console2.sol","lib/forge-std/src/interfaces/IMulticall3.sol","lib/forge-std/src/safeconsole.sol"],"versionRequirement":">=0.6.2, <0.9.0","artifacts":{"Test":{"0.8.20":{"path":"Test.sol/Test.json","build_id":"e22cd368e7087cf2e3f27efcbd9f7163"}}},"seenByCompiler":true},"lib/forge-std/src/Vm.sol":{"lastModificationDate":1719233642936,"contentHash":"b098c2721502365797aae8d0ee1babb8","sourceName":"lib/forge-std/src/Vm.sol","compilerSettings":{"solc":{"optimizer":{"enabled":true,"runs":1000},"metadata":{"useLiteralContent":false,"bytecodeHash":"ipfs","appendCBOR":true},"outputSelection":{"*":{"*":["abi","evm.bytecode","evm.deployedBytecode","evm.methodIdentifiers","metadata"]}},"evmVersion":"paris","viaIR":false,"libraries":{}},"vyper":{"evmVersion":"paris","outputSelection":{"*":{"*":["abi","evm.bytecode","evm.deployedBytecode"]}}}},"imports":[],"versionRequirement":">=0.6.2, <0.9.0","artifacts":{"Vm":{"0.8.20":{"path":"Vm.sol/Vm.json","build_id":"e22cd368e7087cf2e3f27efcbd9f7163"}},"VmSafe":{"0.8.20":{"path":"Vm.sol/VmSafe.json","build_id":"e22cd368e7087cf2e3f27efcbd9f7163"}}},"seenByCompiler":true},"lib/forge-std/src/console.sol":{"lastModificationDate":1719233642936,"contentHash":"100b8a33b917da1147740d7ab8b0ded3","sourceName":"lib/forge-std/src/console.sol","compilerSettings":{"solc":{"optimizer":{"enabled":true,"runs":1000},"metadata":{"useLiteralContent":false,"bytecodeHash":"ipfs","appendCBOR":true},"outputSelection":{"*":{"*":["abi","evm.bytecode","evm.deployedBytecode","evm.methodIdentifiers","metadata"]}},"evmVersion":"paris","viaIR":false,"libraries":{}},"vyper":{"evmVersion":"paris","outputSelection":{"*":{"*":["abi","evm.bytecode","evm.deployedBytecode"]}}}},"imports":[],"versionRequirement":">=0.4.22, <0.9.0","artifacts":{"console":{"0.8.20":{"path":"console.sol/console.json","build_id":"e22cd368e7087cf2e3f27efcbd9f7163"}}},"seenByCompiler":true},"lib/forge-std/src/console2.sol":{"lastModificationDate":1719233642936,"contentHash":"491ca717c1915995e78cc361485a3067","sourceName":"lib/forge-std/src/console2.sol","compilerSettings":{"solc":{"optimizer":{"enabled":true,"runs":1000},"metadata":{"useLiteralContent":false,"bytecodeHash":"ipfs","appendCBOR":true},"outputSelection":{"*":{"*":["abi","evm.bytecode","evm.deployedBytecode","evm.methodIdentifiers","metadata"]}},"evmVersion":"paris","viaIR":false,"libraries":{}},"vyper":{"evmVersion":"paris","outputSelection":{"*":{"*":["abi","evm.bytecode","evm.deployedBytecode"]}}}},"imports":[],"versionRequirement":">=0.4.22, <0.9.0","artifacts":{"console2":{"0.8.20":{"path":"console2.sol/console2.json","build_id":"e22cd368e7087cf2e3f27efcbd9f7163"}}},"seenByCompiler":true},"lib/forge-std/src/interfaces/IMulticall3.sol":{"lastModificationDate":1719233642936,"contentHash":"7b131ca1ca32ef6378b7b9ad5488b901","sourceName":"lib/forge-std/src/interfaces/IMulticall3.sol","compilerSettings":{"solc":{"optimizer":{"enabled":true,"runs":1000},"metadata":{"useLiteralContent":false,"bytecodeHash":"ipfs","appendCBOR":true},"outputSelection":{"*":{"*":["abi","evm.bytecode","evm.deployedBytecode","evm.methodIdentifiers","metadata"]}},"evmVersion":"paris","viaIR":false,"libraries":{}},"vyper":{"evmVersion":"paris","outputSelection":{"*":{"*":["abi","evm.bytecode","evm.deployedBytecode"]}}}},"imports":[],"versionRequirement":">=0.6.2, <0.9.0","artifacts":{"IMulticall3":{"0.8.20":{"path":"IMulticall3.sol/IMulticall3.json","build_id":"e22cd368e7087cf2e3f27efcbd9f7163"}}},"seenByCompiler":true},"lib/forge-std/src/safeconsole.sol":{"lastModificationDate":1719233642936,"contentHash":"ac3b1bf5a444db5db3656021830258a8","sourceName":"lib/forge-std/src/safeconsole.sol","compilerSettings":{"solc":{"optimizer":{"enabled":true,"runs":1000},"metadata":{"useLiteralContent":false,"bytecodeHash":"ipfs","appendCBOR":true},"outputSelection":{"*":{"*":["abi","evm.bytecode","evm.deployedBytecode","evm.methodIdentifiers","metadata"]}},"evmVersion":"paris","viaIR":false,"libraries":{}},"vyper":{"evmVersion":"paris","outputSelection":{"*":{"*":["abi","evm.bytecode","evm.deployedBytecode"]}}}},"imports":[],"versionRequirement":">=0.6.2, <0.9.0","artifacts":{"safeconsole":{"0.8.20":{"path":"safeconsole.sol/safeconsole.json","build_id":"e22cd368e7087cf2e3f27efcbd9f7163"}}},"seenByCompiler":true},"lib/openzeppelin-contracts/contracts/access/Ownable.sol":{"lastModificationDate":1719233643136,"contentHash":"5a20b2cad87ddb61c7a3a6af21289e28","sourceName":"lib/openzeppelin-contracts/contracts/access/Ownable.sol","compilerSettings":{"solc":{"optimizer":{"enabled":true,"runs":1000},"metadata":{"useLiteralContent":false,"bytecodeHash":"ipfs","appendCBOR":true},"outputSelection":{"*":{"*":["abi","evm.bytecode","evm.deployedBytecode","evm.methodIdentifiers","metadata"]}},"evmVersion":"paris","viaIR":false,"libraries":{}},"vyper":{"evmVersion":"paris","outputSelection":{"*":{"*":["abi","evm.bytecode","evm.deployedBytecode"]}}}},"imports":["lib/openzeppelin-contracts/contracts/utils/Context.sol"],"versionRequirement":"^0.8.0","artifacts":{"Ownable":{"0.8.20":{"path":"Ownable.sol/Ownable.json","build_id":"e22cd368e7087cf2e3f27efcbd9f7163"}}},"seenByCompiler":true},"lib/openzeppelin-contracts/contracts/security/Pausable.sol":{"lastModificationDate":1719233643156,"contentHash":"25c8108f36fdd472bc78d4c4af240c11","sourceName":"lib/openzeppelin-contracts/contracts/security/Pausable.sol","compilerSettings":{"solc":{"optimizer":{"enabled":true,"runs":1000},"metadata":{"useLiteralContent":false,"bytecodeHash":"ipfs","appendCBOR":true},"outputSelection":{"*":{"*":["abi","evm.bytecode","evm.deployedBytecode","evm.methodIdentifiers","metadata"]}},"evmVersion":"paris","viaIR":false,"libraries":{}},"vyper":{"evmVersion":"paris","outputSelection":{"*":{"*":["abi","evm.bytecode","evm.deployedBytecode"]}}}},"imports":["lib/openzeppelin-contracts/contracts/utils/Context.sol"],"versionRequirement":"^0.8.0","artifacts":{"Pausable":{"0.8.20":{"path":"Pausable.sol/Pausable.json","build_id":"e22cd368e7087cf2e3f27efcbd9f7163"}}},"seenByCompiler":true},"lib/openzeppelin-contracts/contracts/security/ReentrancyGuard.sol":{"lastModificationDate":1719233643156,"contentHash":"1535f8c0c68463f8c1b5239f7584e71f","sourceName":"lib/openzeppelin-contracts/contracts/security/ReentrancyGuard.sol","compilerSettings":{"solc":{"optimizer":{"enabled":true,"runs":1000},"metadata":{"useLiteralContent":false,"bytecodeHash":"ipfs","appendCBOR":true},"outputSelection":{"*":{"*":["abi","evm.bytecode","evm.deployedBytecode","evm.methodIdentifiers","metadata"]}},"evmVersion":"paris","viaIR":false,"libraries":{}},"vyper":{"evmVersion":"paris","outputSelection":{"*":{"*":["abi","evm.bytecode","evm.deployedBytecode"]}}}},"imports":[],"versionRequirement":"^0.8.0","artifacts":{"ReentrancyGuard":{"0.8.20":{"path":"ReentrancyGuard.sol/ReentrancyGuard.json","build_id":"e22cd368e7087cf2e3f27efcbd9f7163"}}},"seenByCompiler":true},"lib/openzeppelin-contracts/contracts/token/ERC20/ERC20.sol":{"lastModificationDate":1719233643156,"contentHash":"3ae5166c6827a9cf1a7a462d1632b464","sourceName":"lib/openzeppelin-contracts/contracts/token/ERC20/ERC20.sol","compilerSettings":{"solc":{"optimizer":{"enabled":true,"runs":1000},"metadata":{"useLiteralContent":false,"bytecodeHash":"ipfs","appendCBOR":true},"outputSelection":{"*":{"*":["abi","evm.bytecode","evm.deployedBytecode","evm.methodIdentifiers","metadata"]}},"evmVersion":"paris","viaIR":false,"libraries":{}},"vyper":{"evmVersion":"paris","outputSelection":{"*":{"*":["abi","evm.bytecode","evm.deployedBytecode"]}}}},"imports":["lib/openzeppelin-contracts/contracts/token/ERC20/IERC20.sol","lib/openzeppelin-contracts/contracts/token/ERC20/extensions/IERC20Metadata.sol","lib/openzeppelin-contracts/contracts/utils/Context.sol"],"versionRequirement":"^0.8.0","artifacts":{"ERC20":{"0.8.20":{"path":"ERC20.sol/ERC20.json","build_id":"e22cd368e7087cf2e3f27efcbd9f7163"}}},"seenByCompiler":true},"lib/openzeppelin-contracts/contracts/token/ERC20/IERC20.sol":{"lastModificationDate":1719233643156,"contentHash":"df36f7051335cd1e748b1b6463b7fdd3","sourceName":"lib/openzeppelin-contracts/contracts/token/ERC20/IERC20.sol","compilerSettings":{"solc":{"optimizer":{"enabled":true,"runs":1000},"metadata":{"useLiteralContent":false,"bytecodeHash":"ipfs","appendCBOR":true},"outputSelection":{"*":{"*":["abi","evm.bytecode","evm.deployedBytecode","evm.methodIdentifiers","metadata"]}},"evmVersion":"paris","viaIR":false,"libraries":{}},"vyper":{"evmVersion":"paris","outputSelection":{"*":{"*":["abi","evm.bytecode","evm.deployedBytecode"]}}}},"imports":[],"versionRequirement":"^0.8.0","artifacts":{"IERC20":{"0.8.20":{"path":"IERC20.sol/IERC20.json","build_id":"e22cd368e7087cf2e3f27efcbd9f7163"}}},"seenByCompiler":true},"lib/openzeppelin-contracts/contracts/token/ERC20/extensions/ERC20Burnable.sol":{"lastModificationDate":1719233643156,"contentHash":"a1c7f80ae26f5b2d7d563475627fbf25","sourceName":"lib/openzeppelin-contracts/contracts/token/ERC20/extensions/ERC20Burnable.sol","compilerSettings":{"solc":{"optimizer":{"enabled":true,"runs":1000},"metadata":{"useLiteralContent":false,"bytecodeHash":"ipfs","appendCBOR":true},"outputSelection":{"*":{"*":["abi","evm.bytecode","evm.deployedBytecode","evm.methodIdentifiers","metadata"]}},"evmVersion":"paris","viaIR":false,"libraries":{}},"vyper":{"evmVersion":"paris","outputSelection":{"*":{"*":["abi","evm.bytecode","evm.deployedBytecode"]}}}},"imports":["lib/openzeppelin-contracts/contracts/token/ERC20/ERC20.sol","lib/openzeppelin-contracts/contracts/token/ERC20/IERC20.sol","lib/openzeppelin-contracts/contracts/token/ERC20/extensions/IERC20Metadata.sol","lib/openzeppelin-contracts/contracts/utils/Context.sol"],"versionRequirement":"^0.8.0","artifacts":{"ERC20Burnable":{"0.8.20":{"path":"ERC20Burnable.sol/ERC20Burnable.json","build_id":"e22cd368e7087cf2e3f27efcbd9f7163"}}},"seenByCompiler":true},"lib/openzeppelin-contracts/contracts/token/ERC20/extensions/IERC20Metadata.sol":{"lastModificationDate":1719233643156,"contentHash":"909ab67fc5c25033fe6cd364f8c056f9","sourceName":"lib/openzeppelin-contracts/contracts/token/ERC20/extensions/IERC20Metadata.sol","compilerSettings":{"solc":{"optimizer":{"enabled":true,"runs":1000},"metadata":{"useLiteralContent":false,"bytecodeHash":"ipfs","appendCBOR":true},"outputSelection":{"*":{"*":["abi","evm.bytecode","evm.deployedBytecode","evm.methodIdentifiers","metadata"]}},"evmVersion":"paris","viaIR":false,"libraries":{}},"vyper":{"evmVersion":"paris","outputSelection":{"*":{"*":["abi","evm.bytecode","evm.deployedBytecode"]}}}},"imports":["lib/openzeppelin-contracts/contracts/token/ERC20/IERC20.sol"],"versionRequirement":"^0.8.0","artifacts":{"IERC20Metadata":{"0.8.20":{"path":"IERC20Metadata.sol/IERC20Metadata.json","build_id":"e22cd368e7087cf2e3f27efcbd9f7163"}}},"seenByCompiler":true},"lib/openzeppelin-contracts/contracts/utils/Context.sol":{"lastModificationDate":1719233643166,"contentHash":"5f2c5c4b6af2dd4551027144797bc8be","sourceName":"lib/openzeppelin-contracts/contracts/utils/Context.sol","compilerSettings":{"solc":{"optimizer":{"enabled":true,"runs":1000},"metadata":{"useLiteralContent":false,"bytecodeHash":"ipfs","appendCBOR":true},"outputSelection":{"*":{"*":["abi","evm.bytecode","evm.deployedBytecode","evm.methodIdentifiers","metadata"]}},"evmVersion":"paris","viaIR":false,"libraries":{}},"vyper":{"evmVersion":"paris","outputSelection":{"*":{"*":["abi","evm.bytecode","evm.deployedBytecode"]}}}},"imports":[],"versionRequirement":"^0.8.0","artifacts":{"Context":{"0.8.20":{"path":"Context.sol/Context.json","build_id":"e22cd368e7087cf2e3f27efcbd9f7163"}}},"seenByCompiler":true},"lib/openzeppelin-contracts-upgradeable/contracts/access/OwnableUpgradeable.sol":{"lastModificationDate":1719233642996,"contentHash":"db24b956904575cc79d02867ec03263c","sourceName":"lib/openzeppelin-contracts-upgradeable/contracts/access/OwnableUpgradeable.sol","compilerSettings":{"solc":{"optimizer":{"enabled":true,"runs":1000},"metadata":{"useLiteralContent":false,"bytecodeHash":"ipfs","appendCBOR":true},"outputSelection":{"*":{"*":["abi","evm.bytecode","evm.deployedBytecode","evm.methodIdentifiers","metadata"]}},"evmVersion":"paris","viaIR":false,"libraries":{}},"vyper":{"evmVersion":"paris","outputSelection":{"*":{"*":["abi","evm.bytecode","evm.deployedBytecode"]}}}},"imports":["lib/openzeppelin-contracts-upgradeable/contracts/proxy/utils/Initializable.sol","lib/openzeppelin-contracts-upgradeable/contracts/utils/AddressUpgradeable.sol","lib/openzeppelin-contracts-upgradeable/contracts/utils/ContextUpgradeable.sol"],"versionRequirement":"^0.8.0","artifacts":{"OwnableUpgradeable":{"0.8.20":{"path":"OwnableUpgradeable.sol/OwnableUpgradeable.json","build_id":"e22cd368e7087cf2e3f27efcbd9f7163"}}},"seenByCompiler":true},"lib/openzeppelin-contracts-upgradeable/contracts/interfaces/IERC1967Upgradeable.sol":{"lastModificationDate":1719233643006,"contentHash":"a5421a5e611067b9202e83329fbf6fc7","sourceName":"lib/openzeppelin-contracts-upgradeable/contracts/interfaces/IERC1967Upgradeable.sol","compilerSettings":{"solc":{"optimizer":{"enabled":true,"runs":1000},"metadata":{"useLiteralContent":false,"bytecodeHash":"ipfs","appendCBOR":true},"outputSelection":{"*":{"*":["abi","evm.bytecode","evm.deployedBytecode","evm.methodIdentifiers","metadata"]}},"evmVersion":"paris","viaIR":false,"libraries":{}},"vyper":{"evmVersion":"paris","outputSelection":{"*":{"*":["abi","evm.bytecode","evm.deployedBytecode"]}}}},"imports":[],"versionRequirement":"^0.8.0","artifacts":{"IERC1967Upgradeable":{"0.8.20":{"path":"IERC1967Upgradeable.sol/IERC1967Upgradeable.json","build_id":"e22cd368e7087cf2e3f27efcbd9f7163"}}},"seenByCompiler":true},"lib/openzeppelin-contracts-upgradeable/contracts/interfaces/draft-IERC1822Upgradeable.sol":{"lastModificationDate":1719233643006,"contentHash":"a6883cfd85607b16c121a02728369eb3","sourceName":"lib/openzeppelin-contracts-upgradeable/contracts/interfaces/draft-IERC1822Upgradeable.sol","compilerSettings":{"solc":{"optimizer":{"enabled":true,"runs":1000},"metadata":{"useLiteralContent":false,"bytecodeHash":"ipfs","appendCBOR":true},"outputSelection":{"*":{"*":["abi","evm.bytecode","evm.deployedBytecode","evm.methodIdentifiers","metadata"]}},"evmVersion":"paris","viaIR":false,"libraries":{}},"vyper":{"evmVersion":"paris","outputSelection":{"*":{"*":["abi","evm.bytecode","evm.deployedBytecode"]}}}},"imports":[],"versionRequirement":"^0.8.0","artifacts":{"IERC1822ProxiableUpgradeable":{"0.8.20":{"path":"draft-IERC1822Upgradeable.sol/IERC1822ProxiableUpgradeable.json","build_id":"e22cd368e7087cf2e3f27efcbd9f7163"}}},"seenByCompiler":true},"lib/openzeppelin-contracts-upgradeable/contracts/proxy/ERC1967/ERC1967UpgradeUpgradeable.sol":{"lastModificationDate":1719233643016,"contentHash":"2587366284baa690cce0accaca1a20f9","sourceName":"lib/openzeppelin-contracts-upgradeable/contracts/proxy/ERC1967/ERC1967UpgradeUpgradeable.sol","compilerSettings":{"solc":{"optimizer":{"enabled":true,"runs":1000},"metadata":{"useLiteralContent":false,"bytecodeHash":"ipfs","appendCBOR":true},"outputSelection":{"*":{"*":["abi","evm.bytecode","evm.deployedBytecode","evm.methodIdentifiers","metadata"]}},"evmVersion":"paris","viaIR":false,"libraries":{}},"vyper":{"evmVersion":"paris","outputSelection":{"*":{"*":["abi","evm.bytecode","evm.deployedBytecode"]}}}},"imports":["lib/openzeppelin-contracts-upgradeable/contracts/interfaces/IERC1967Upgradeable.sol","lib/openzeppelin-contracts-upgradeable/contracts/interfaces/draft-IERC1822Upgradeable.sol","lib/openzeppelin-contracts-upgradeable/contracts/proxy/beacon/IBeaconUpgradeable.sol","lib/openzeppelin-contracts-upgradeable/contracts/proxy/utils/Initializable.sol","lib/openzeppelin-contracts-upgradeable/contracts/utils/AddressUpgradeable.sol","lib/openzeppelin-contracts-upgradeable/contracts/utils/StorageSlotUpgradeable.sol"],"versionRequirement":"^0.8.2","artifacts":{"ERC1967UpgradeUpgradeable":{"0.8.20":{"path":"ERC1967UpgradeUpgradeable.sol/ERC1967UpgradeUpgradeable.json","build_id":"e22cd368e7087cf2e3f27efcbd9f7163"}}},"seenByCompiler":true},"lib/openzeppelin-contracts-upgradeable/contracts/proxy/beacon/IBeaconUpgradeable.sol":{"lastModificationDate":1719233643016,"contentHash":"21bffd733b4ca013e125a0ffe2e52254","sourceName":"lib/openzeppelin-contracts-upgradeable/contracts/proxy/beacon/IBeaconUpgradeable.sol","compilerSettings":{"solc":{"optimizer":{"enabled":true,"runs":1000},"metadata":{"useLiteralContent":false,"bytecodeHash":"ipfs","appendCBOR":true},"outputSelection":{"*":{"*":["abi","evm.bytecode","evm.deployedBytecode","evm.methodIdentifiers","metadata"]}},"evmVersion":"paris","viaIR":false,"libraries":{}},"vyper":{"evmVersion":"paris","outputSelection":{"*":{"*":["abi","evm.bytecode","evm.deployedBytecode"]}}}},"imports":[],"versionRequirement":"^0.8.0","artifacts":{"IBeaconUpgradeable":{"0.8.20":{"path":"IBeaconUpgradeable.sol/IBeaconUpgradeable.json","build_id":"e22cd368e7087cf2e3f27efcbd9f7163"}}},"seenByCompiler":true},"lib/openzeppelin-contracts-upgradeable/contracts/proxy/utils/Initializable.sol":{"lastModificationDate":1719233643016,"contentHash":"b0970a564d121abf9adfff8d1a01eb16","sourceName":"lib/openzeppelin-contracts-upgradeable/contracts/proxy/utils/Initializable.sol","compilerSettings":{"solc":{"optimizer":{"enabled":true,"runs":1000},"metadata":{"useLiteralContent":false,"bytecodeHash":"ipfs","appendCBOR":true},"outputSelection":{"*":{"*":["abi","evm.bytecode","evm.deployedBytecode","evm.methodIdentifiers","metadata"]}},"evmVersion":"paris","viaIR":false,"libraries":{}},"vyper":{"evmVersion":"paris","outputSelection":{"*":{"*":["abi","evm.bytecode","evm.deployedBytecode"]}}}},"imports":["lib/openzeppelin-contracts-upgradeable/contracts/utils/AddressUpgradeable.sol"],"versionRequirement":"^0.8.2","artifacts":{"Initializable":{"0.8.20":{"path":"Initializable.sol/Initializable.json","build_id":"e22cd368e7087cf2e3f27efcbd9f7163"}}},"seenByCompiler":true},"lib/openzeppelin-contracts-upgradeable/contracts/proxy/utils/UUPSUpgradeable.sol":{"lastModificationDate":1719233643016,"contentHash":"52ef5d6c909d6f8ef3077445d3328eca","sourceName":"lib/openzeppelin-contracts-upgradeable/contracts/proxy/utils/UUPSUpgradeable.sol","compilerSettings":{"solc":{"optimizer":{"enabled":true,"runs":1000},"metadata":{"useLiteralContent":false,"bytecodeHash":"ipfs","appendCBOR":true},"outputSelection":{"*":{"*":["abi","evm.bytecode","evm.deployedBytecode","evm.methodIdentifiers","metadata"]}},"evmVersion":"paris","viaIR":false,"libraries":{}},"vyper":{"evmVersion":"paris","outputSelection":{"*":{"*":["abi","evm.bytecode","evm.deployedBytecode"]}}}},"imports":["lib/openzeppelin-contracts-upgradeable/contracts/interfaces/IERC1967Upgradeable.sol","lib/openzeppelin-contracts-upgradeable/contracts/interfaces/draft-IERC1822Upgradeable.sol","lib/openzeppelin-contracts-upgradeable/contracts/proxy/ERC1967/ERC1967UpgradeUpgradeable.sol","lib/openzeppelin-contracts-upgradeable/contracts/proxy/beacon/IBeaconUpgradeable.sol","lib/openzeppelin-contracts-upgradeable/contracts/proxy/utils/Initializable.sol","lib/openzeppelin-contracts-upgradeable/contracts/utils/AddressUpgradeable.sol","lib/openzeppelin-contracts-upgradeable/contracts/utils/StorageSlotUpgradeable.sol"],"versionRequirement":"^0.8.0","artifacts":{"UUPSUpgradeable":{"0.8.20":{"path":"UUPSUpgradeable.sol/UUPSUpgradeable.json","build_id":"e22cd368e7087cf2e3f27efcbd9f7163"}}},"seenByCompiler":true},"lib/openzeppelin-contracts-upgradeable/contracts/utils/AddressUpgradeable.sol":{"lastModificationDate":1719233643026,"contentHash":"c30c805386fda8a42ff515da963d3a95","sourceName":"lib/openzeppelin-contracts-upgradeable/contracts/utils/AddressUpgradeable.sol","compilerSettings":{"solc":{"optimizer":{"enabled":true,"runs":1000},"metadata":{"useLiteralContent":false,"bytecodeHash":"ipfs","appendCBOR":true},"outputSelection":{"*":{"*":["abi","evm.bytecode","evm.deployedBytecode","evm.methodIdentifiers","metadata"]}},"evmVersion":"paris","viaIR":false,"libraries":{}},"vyper":{"evmVersion":"paris","outputSelection":{"*":{"*":["abi","evm.bytecode","evm.deployedBytecode"]}}}},"imports":[],"versionRequirement":"^0.8.1","artifacts":{"AddressUpgradeable":{"0.8.20":{"path":"AddressUpgradeable.sol/AddressUpgradeable.json","build_id":"e22cd368e7087cf2e3f27efcbd9f7163"}}},"seenByCompiler":true},"lib/openzeppelin-contracts-upgradeable/contracts/utils/ContextUpgradeable.sol":{"lastModificationDate":1719233643026,"contentHash":"6200b84950eb05b4a92a39fd1d6e0f9b","sourceName":"lib/openzeppelin-contracts-upgradeable/contracts/utils/ContextUpgradeable.sol","compilerSettings":{"solc":{"optimizer":{"enabled":true,"runs":1000},"metadata":{"useLiteralContent":false,"bytecodeHash":"ipfs","appendCBOR":true},"outputSelection":{"*":{"*":["abi","evm.bytecode","evm.deployedBytecode","evm.methodIdentifiers","metadata"]}},"evmVersion":"paris","viaIR":false,"libraries":{}},"vyper":{"evmVersion":"paris","outputSelection":{"*":{"*":["abi","evm.bytecode","evm.deployedBytecode"]}}}},"imports":["lib/openzeppelin-contracts-upgradeable/contracts/proxy/utils/Initializable.sol","lib/openzeppelin-contracts-upgradeable/contracts/utils/AddressUpgradeable.sol"],"versionRequirement":"^0.8.0","artifacts":{"ContextUpgradeable":{"0.8.20":{"path":"ContextUpgradeable.sol/ContextUpgradeable.json","build_id":"e22cd368e7087cf2e3f27efcbd9f7163"}}},"seenByCompiler":true},"lib/openzeppelin-contracts-upgradeable/contracts/utils/StorageSlotUpgradeable.sol":{"lastModificationDate":1719233643026,"contentHash":"02cf959b00ba5c650708472f195f8b29","sourceName":"lib/openzeppelin-contracts-upgradeable/contracts/utils/StorageSlotUpgradeable.sol","compilerSettings":{"solc":{"optimizer":{"enabled":true,"runs":1000},"metadata":{"useLiteralContent":false,"bytecodeHash":"ipfs","appendCBOR":true},"outputSelection":{"*":{"*":["abi","evm.bytecode","evm.deployedBytecode","evm.methodIdentifiers","metadata"]}},"evmVersion":"paris","viaIR":false,"libraries":{}},"vyper":{"evmVersion":"paris","outputSelection":{"*":{"*":["abi","evm.bytecode","evm.deployedBytecode"]}}}},"imports":[],"versionRequirement":"^0.8.0","artifacts":{"StorageSlotUpgradeable":{"0.8.20":{"path":"StorageSlotUpgradeable.sol/StorageSlotUpgradeable.json","build_id":"e22cd368e7087cf2e3f27efcbd9f7163"}}},"seenByCompiler":true},"script/Deployment.s.sol":{"lastModificationDate":1719233643236,"contentHash":"4c20b80ed79afb150c24c4218ed9f69d","sourceName":"script/Deployment.s.sol","compilerSettings":{"solc":{"optimizer":{"enabled":true,"runs":1000},"metadata":{"useLiteralContent":false,"bytecodeHash":"ipfs","appendCBOR":true},"outputSelection":{"*":{"*":["abi","evm.bytecode","evm.deployedBytecode","evm.methodIdentifiers","metadata"]}},"evmVersion":"paris","viaIR":false,"libraries":{}},"vyper":{"evmVersion":"paris","outputSelection":{"*":{"*":["abi","evm.bytecode","evm.deployedBytecode"]}}}},"imports":["lib/forge-std/src/Base.sol","lib/forge-std/src/Script.sol","lib/forge-std/src/StdChains.sol","lib/forge-std/src/StdCheats.sol","lib/forge-std/src/StdJson.sol","lib/forge-std/src/StdMath.sol","lib/forge-std/src/StdStorage.sol","lib/forge-std/src/StdStyle.sol","lib/forge-std/src/StdUtils.sol","lib/forge-std/src/Vm.sol","lib/forge-std/src/console.sol","lib/forge-std/src/console2.sol","lib/forge-std/src/interfaces/IMulticall3.sol","lib/forge-std/src/safeconsole.sol","lib/openzeppelin-contracts/contracts/access/Ownable.sol","lib/openzeppelin-contracts/contracts/security/Pausable.sol","lib/openzeppelin-contracts/contracts/security/ReentrancyGuard.sol","lib/openzeppelin-contracts/contracts/token/ERC20/ERC20.sol","lib/openzeppelin-contracts/contracts/token/ERC20/IERC20.sol","lib/openzeppelin-contracts/contracts/token/ERC20/extensions/ERC20Burnable.sol","lib/openzeppelin-contracts/contracts/token/ERC20/extensions/IERC20Metadata.sol","lib/openzeppelin-contracts/contracts/utils/Context.sol","lib/openzeppelin-contracts-upgradeable/contracts/access/OwnableUpgradeable.sol","lib/openzeppelin-contracts-upgradeable/contracts/interfaces/IERC1967Upgradeable.sol","lib/openzeppelin-contracts-upgradeable/contracts/interfaces/draft-IERC1822Upgradeable.sol","lib/openzeppelin-contracts-upgradeable/contracts/proxy/ERC1967/ERC1967UpgradeUpgradeable.sol","lib/openzeppelin-contracts-upgradeable/contracts/proxy/beacon/IBeaconUpgradeable.sol","lib/openzeppelin-contracts-upgradeable/contracts/proxy/utils/Initializable.sol","lib/openzeppelin-contracts-upgradeable/contracts/proxy/utils/UUPSUpgradeable.sol","lib/openzeppelin-contracts-upgradeable/contracts/utils/AddressUpgradeable.sol","lib/openzeppelin-contracts-upgradeable/contracts/utils/ContextUpgradeable.sol","lib/openzeppelin-contracts-upgradeable/contracts/utils/StorageSlotUpgradeable.sol","src/Add3Staking.sol","src/Add3Token.sol"],"versionRequirement":"^0.8.13","artifacts":{"DeploymentScript":{"0.8.20":{"path":"Deployment.s.sol/DeploymentScript.json","build_id":"e22cd368e7087cf2e3f27efcbd9f7163"}}},"seenByCompiler":true},"src/Add3Staking.sol":{"lastModificationDate":1719233643236,"contentHash":"73b2652a3050ec34ce0dc82bb88e49b0","sourceName":"src/Add3Staking.sol","compilerSettings":{"solc":{"optimizer":{"enabled":true,"runs":1000},"metadata":{"useLiteralContent":false,"bytecodeHash":"ipfs","appendCBOR":true},"outputSelection":{"*":{"*":["abi","evm.bytecode","evm.deployedBytecode","evm.methodIdentifiers","metadata"]}},"evmVersion":"paris","viaIR":false,"libraries":{}},"vyper":{"evmVersion":"paris","outputSelection":{"*":{"*":["abi","evm.bytecode","evm.deployedBytecode"]}}}},"imports":["lib/openzeppelin-contracts/contracts/security/ReentrancyGuard.sol","lib/openzeppelin-contracts/contracts/token/ERC20/IERC20.sol","lib/openzeppelin-contracts-upgradeable/contracts/access/OwnableUpgradeable.sol","lib/openzeppelin-contracts-upgradeable/contracts/interfaces/IERC1967Upgradeable.sol","lib/openzeppelin-contracts-upgradeable/contracts/interfaces/draft-IERC1822Upgradeable.sol","lib/openzeppelin-contracts-upgradeable/contracts/proxy/ERC1967/ERC1967UpgradeUpgradeable.sol","lib/openzeppelin-contracts-upgradeable/contracts/proxy/beacon/IBeaconUpgradeable.sol","lib/openzeppelin-contracts-upgradeable/contracts/proxy/utils/Initializable.sol","lib/openzeppelin-contracts-upgradeable/contracts/proxy/utils/UUPSUpgradeable.sol","lib/openzeppelin-contracts-upgradeable/contracts/utils/AddressUpgradeable.sol","lib/openzeppelin-contracts-upgradeable/contracts/utils/ContextUpgradeable.sol","lib/openzeppelin-contracts-upgradeable/contracts/utils/StorageSlotUpgradeable.sol"],"versionRequirement":"=0.8.20","artifacts":{"Add3Staking":{"0.8.20":{"path":"Add3Staking.sol/Add3Staking.json","build_id":"e22cd368e7087cf2e3f27efcbd9f7163"}}},"seenByCompiler":true},"src/Add3Token.sol":{"lastModificationDate":1719233643236,"contentHash":"5363f66ba1bd0e03c45b8c21ec35811c","sourceName":"src/Add3Token.sol","compilerSettings":{"solc":{"optimizer":{"enabled":true,"runs":1000},"metadata":{"useLiteralContent":false,"bytecodeHash":"ipfs","appendCBOR":true},"outputSelection":{"*":{"*":["abi","evm.bytecode","evm.deployedBytecode","evm.methodIdentifiers","metadata"]}},"evmVersion":"paris","viaIR":false,"libraries":{}},"vyper":{"evmVersion":"paris","outputSelection":{"*":{"*":["abi","evm.bytecode","evm.deployedBytecode"]}}}},"imports":["lib/openzeppelin-contracts/contracts/access/Ownable.sol","lib/openzeppelin-contracts/contracts/security/Pausable.sol","lib/openzeppelin-contracts/contracts/token/ERC20/ERC20.sol","lib/openzeppelin-contracts/contracts/token/ERC20/IERC20.sol","lib/openzeppelin-contracts/contracts/token/ERC20/extensions/ERC20Burnable.sol","lib/openzeppelin-contracts/contracts/token/ERC20/extensions/IERC20Metadata.sol","lib/openzeppelin-contracts/contracts/utils/Context.sol"],"versionRequirement":"=0.8.20","artifacts":{"Add3Token":{"0.8.20":{"path":"Add3Token.sol/Add3Token.json","build_id":"e22cd368e7087cf2e3f27efcbd9f7163"}}},"seenByCompiler":true},"test/Add3.t.sol":{"lastModificationDate":1719233643236,"contentHash":"f0f633acc9687e3555a6246d92e08248","sourceName":"test/Add3.t.sol","compilerSettings":{"solc":{"optimizer":{"enabled":true,"runs":1000},"metadata":{"useLiteralContent":false,"bytecodeHash":"ipfs","appendCBOR":true},"outputSelection":{"*":{"*":["abi","evm.bytecode","evm.deployedBytecode","evm.methodIdentifiers","metadata"]}},"evmVersion":"paris","viaIR":false,"libraries":{}},"vyper":{"evmVersion":"paris","outputSelection":{"*":{"*":["abi","evm.bytecode","evm.deployedBytecode"]}}}},"imports":["lib/forge-std/lib/ds-test/src/test.sol","lib/forge-std/src/Base.sol","lib/forge-std/src/StdAssertions.sol","lib/forge-std/src/StdChains.sol","lib/forge-std/src/StdCheats.sol","lib/forge-std/src/StdError.sol","lib/forge-std/src/StdInvariant.sol","lib/forge-std/src/StdJson.sol","lib/forge-std/src/StdMath.sol","lib/forge-std/src/StdStorage.sol","lib/forge-std/src/StdStyle.sol","lib/forge-std/src/StdUtils.sol","lib/forge-std/src/Test.sol","lib/forge-std/src/Vm.sol","lib/forge-std/src/console.sol","lib/forge-std/src/console2.sol","lib/forge-std/src/interfaces/IMulticall3.sol","lib/forge-std/src/safeconsole.sol","lib/openzeppelin-contracts/contracts/access/Ownable.sol","lib/openzeppelin-contracts/contracts/security/Pausable.sol","lib/openzeppelin-contracts/contracts/token/ERC20/ERC20.sol","lib/openzeppelin-contracts/contracts/token/ERC20/IERC20.sol","lib/openzeppelin-contracts/contracts/token/ERC20/extensions/ERC20Burnable.sol","lib/openzeppelin-contracts/contracts/token/ERC20/extensions/IERC20Metadata.sol","lib/openzeppelin-contracts/contracts/utils/Context.sol","src/Add3Token.sol"],"versionRequirement":"^0.8.13","artifacts":{"Add3Test":{"0.8.20":{"path":"Add3.t.sol/Add3Test.json","build_id":"e22cd368e7087cf2e3f27efcbd9f7163"}}},"seenByCompiler":true},"test/DynamicStaking.t.sol":{"lastModificationDate":1719233643236,"contentHash":"617cf8cf5af2ff5637be48dba4d35468","sourceName":"test/DynamicStaking.t.sol","compilerSettings":{"solc":{"optimizer":{"enabled":true,"runs":1000},"metadata":{"useLiteralContent":false,"bytecodeHash":"ipfs","appendCBOR":true},"outputSelection":{"*":{"*":["abi","evm.bytecode","evm.deployedBytecode","evm.methodIdentifiers","metadata"]}},"evmVersion":"paris","viaIR":false,"libraries":{}},"vyper":{"evmVersion":"paris","outputSelection":{"*":{"*":["abi","evm.bytecode","evm.deployedBytecode"]}}}},"imports":["lib/forge-std/lib/ds-test/src/test.sol","lib/forge-std/src/Base.sol","lib/forge-std/src/StdAssertions.sol","lib/forge-std/src/StdChains.sol","lib/forge-std/src/StdCheats.sol","lib/forge-std/src/StdError.sol","lib/forge-std/src/StdInvariant.sol","lib/forge-std/src/StdJson.sol","lib/forge-std/src/StdMath.sol","lib/forge-std/src/StdStorage.sol","lib/forge-std/src/StdStyle.sol","lib/forge-std/src/StdUtils.sol","lib/forge-std/src/Test.sol","lib/forge-std/src/Vm.sol","lib/forge-std/src/console.sol","lib/forge-std/src/console2.sol","lib/forge-std/src/interfaces/IMulticall3.sol","lib/forge-std/src/safeconsole.sol","lib/openzeppelin-contracts/contracts/access/Ownable.sol","lib/openzeppelin-contracts/contracts/security/Pausable.sol","lib/openzeppelin-contracts/contracts/security/ReentrancyGuard.sol","lib/openzeppelin-contracts/contracts/token/ERC20/ERC20.sol","lib/openzeppelin-contracts/contracts/token/ERC20/IERC20.sol","lib/openzeppelin-contracts/contracts/token/ERC20/extensions/ERC20Burnable.sol","lib/openzeppelin-contracts/contracts/token/ERC20/extensions/IERC20Metadata.sol","lib/openzeppelin-contracts/contracts/utils/Context.sol","lib/openzeppelin-contracts-upgradeable/contracts/access/OwnableUpgradeable.sol","lib/openzeppelin-contracts-upgradeable/contracts/interfaces/IERC1967Upgradeable.sol","lib/openzeppelin-contracts-upgradeable/contracts/interfaces/draft-IERC1822Upgradeable.sol","lib/openzeppelin-contracts-upgradeable/contracts/proxy/ERC1967/ERC1967UpgradeUpgradeable.sol","lib/openzeppelin-contracts-upgradeable/contracts/proxy/beacon/IBeaconUpgradeable.sol","lib/openzeppelin-contracts-upgradeable/contracts/proxy/utils/Initializable.sol","lib/openzeppelin-contracts-upgradeable/contracts/proxy/utils/UUPSUpgradeable.sol","lib/openzeppelin-contracts-upgradeable/contracts/utils/AddressUpgradeable.sol","lib/openzeppelin-contracts-upgradeable/contracts/utils/ContextUpgradeable.sol","lib/openzeppelin-contracts-upgradeable/contracts/utils/StorageSlotUpgradeable.sol","src/Add3Staking.sol","src/Add3Token.sol","test/MockToken.sol"],"versionRequirement":"^0.8.13","artifacts":{"DynamicStakingTest":{"0.8.20":{"path":"DynamicStaking.t.sol/DynamicStakingTest.json","build_id":"e22cd368e7087cf2e3f27efcbd9f7163"}}},"seenByCompiler":true},"test/MockToken.sol":{"lastModificationDate":1719233643236,"contentHash":"7c5da9cc97a171689ed6d1ea37328d08","sourceName":"test/MockToken.sol","compilerSettings":{"solc":{"optimizer":{"enabled":true,"runs":1000},"metadata":{"useLiteralContent":false,"bytecodeHash":"ipfs","appendCBOR":true},"outputSelection":{"*":{"*":["abi","evm.bytecode","evm.deployedBytecode","evm.methodIdentifiers","metadata"]}},"evmVersion":"paris","viaIR":false,"libraries":{}},"vyper":{"evmVersion":"paris","outputSelection":{"*":{"*":["abi","evm.bytecode","evm.deployedBytecode"]}}}},"imports":["lib/openzeppelin-contracts/contracts/access/Ownable.sol","lib/openzeppelin-contracts/contracts/security/Pausable.sol","lib/openzeppelin-contracts/contracts/token/ERC20/ERC20.sol","lib/openzeppelin-contracts/contracts/token/ERC20/IERC20.sol","lib/openzeppelin-contracts/contracts/token/ERC20/extensions/ERC20Burnable.sol","lib/openzeppelin-contracts/contracts/token/ERC20/extensions/IERC20Metadata.sol","lib/openzeppelin-contracts/contracts/utils/Context.sol","src/Add3Token.sol"],"versionRequirement":"^0.8.13","artifacts":{"MockToken":{"0.8.20":{"path":"MockToken.sol/MockToken.json","build_id":"e22cd368e7087cf2e3f27efcbd9f7163"}}},"seenByCompiler":true},"test/StaticStaking.t.sol":{"lastModificationDate":1719233643236,"contentHash":"9511670b1a21775149b7468df9ff4530","sourceName":"test/StaticStaking.t.sol","compilerSettings":{"solc":{"optimizer":{"enabled":true,"runs":1000},"metadata":{"useLiteralContent":false,"bytecodeHash":"ipfs","appendCBOR":true},"outputSelection":{"*":{"*":["abi","evm.bytecode","evm.deployedBytecode","evm.methodIdentifiers","metadata"]}},"evmVersion":"paris","viaIR":false,"libraries":{}},"vyper":{"evmVersion":"paris","outputSelection":{"*":{"*":["abi","evm.bytecode","evm.deployedBytecode"]}}}},"imports":["lib/forge-std/lib/ds-test/src/test.sol","lib/forge-std/src/Base.sol","lib/forge-std/src/StdAssertions.sol","lib/forge-std/src/StdChains.sol","lib/forge-std/src/StdCheats.sol","lib/forge-std/src/StdError.sol","lib/forge-std/src/StdInvariant.sol","lib/forge-std/src/StdJson.sol","lib/forge-std/src/StdMath.sol","lib/forge-std/src/StdStorage.sol","lib/forge-std/src/StdStyle.sol","lib/forge-std/src/StdUtils.sol","lib/forge-std/src/Test.sol","lib/forge-std/src/Vm.sol","lib/forge-std/src/console.sol","lib/forge-std/src/console2.sol","lib/forge-std/src/interfaces/IMulticall3.sol","lib/forge-std/src/safeconsole.sol","lib/openzeppelin-contracts/contracts/access/Ownable.sol","lib/openzeppelin-contracts/contracts/security/Pausable.sol","lib/openzeppelin-contracts/contracts/security/ReentrancyGuard.sol","lib/openzeppelin-contracts/contracts/token/ERC20/ERC20.sol","lib/openzeppelin-contracts/contracts/token/ERC20/IERC20.sol","lib/openzeppelin-contracts/contracts/token/ERC20/extensions/ERC20Burnable.sol","lib/openzeppelin-contracts/contracts/token/ERC20/extensions/IERC20Metadata.sol","lib/openzeppelin-contracts/contracts/utils/Context.sol","lib/openzeppelin-contracts-upgradeable/contracts/access/OwnableUpgradeable.sol","lib/openzeppelin-contracts-upgradeable/contracts/interfaces/IERC1967Upgradeable.sol","lib/openzeppelin-contracts-upgradeable/contracts/interfaces/draft-IERC1822Upgradeable.sol","lib/openzeppelin-contracts-upgradeable/contracts/proxy/ERC1967/ERC1967UpgradeUpgradeable.sol","lib/openzeppelin-contracts-upgradeable/contracts/proxy/beacon/IBeaconUpgradeable.sol","lib/openzeppelin-contracts-upgradeable/contracts/proxy/utils/Initializable.sol","lib/openzeppelin-contracts-upgradeable/contracts/proxy/utils/UUPSUpgradeable.sol","lib/openzeppelin-contracts-upgradeable/contracts/utils/AddressUpgradeable.sol","lib/openzeppelin-contracts-upgradeable/contracts/utils/ContextUpgradeable.sol","lib/openzeppelin-contracts-upgradeable/contracts/utils/StorageSlotUpgradeable.sol","src/Add3Staking.sol","src/Add3Token.sol","test/MockToken.sol"],"versionRequirement":"^0.8.13","artifacts":{"StaticStakingTest":{"0.8.20":{"path":"StaticStaking.t.sol/StaticStakingTest.json","build_id":"e22cd368e7087cf2e3f27efcbd9f7163"}}},"seenByCompiler":true}},"builds":["e22cd368e7087cf2e3f27efcbd9f7163"]}