{
  "extends": "solhint:recommended",
  "rules": {
    "not-rely-on-time": ["off"],
    "avoid-low-level-calls": "off",
    "compiler-version": ["off"],
    "no-inline-assembly": ["off"],
    "func-name-mixedcase": ["off"],
    "no-empty-blocks": ["off"],

    "no-unused-vars": ["off"],
    "private-vars-leading-underscore": "off",
    "max-line-length": "off",
    "ordering": "off",
    "no-console": "off",
    "reason-string": ["warn", { "maxLength": 48 }],
    "func-visibility": ["warn", { "ignoreConstructors": true }]
  }
}
